Word,Translation,OriginalWord,Transcription
επίσης,aussi,,
ο συνάδελφος,le collègue,,
παντρεμένος - παντρεμένη,marié - mariée,,
η ανάλυση δεδομένων,analyse des données,,
και έτσι,et donc,,
μικρότερη,plus petit(e),,
το πανεπιστήμιο,Université,,
οι συνάδελφοι,collègues,,
δύο χρόνια μεγαλύτερη,De deux ans plus âgée,,
πήγα διακοπές,je suis partie en vacances,,
ενδιαφέρων,intéressant,,
εκτός από αθλήματα,sauf pour les sports,,
ο αθλητισμός,le sport (en général),,
τα δεδομένα,les données,,
παραδοσιακό,traditionnel,,
περισσότεραοι,plus (in terms of quantity),,
τα ανίψια,les neveux et nièces,,
σπάνιο,rare,,
η πολυκατοικία,l’immeuble,,
ο αθλητισμός,le sport (en général),,
σπουδάζω,étudier,,
η τιμή - οι τιμές,prix - les prix,,
φιλοξενώ,accueillir,,
η φύση,la nature,,
είτε,soit,,
και επιπλέον,Mais aussi,,
Θα τα πούμε την επόμενη εβδομάδα,A la semaine prochaine,,
μια ομάδα,une équipe,,
το πλήθος,La foule,,
το άθλημα / τα αθλήματα,le sport (un sport precis),,
το στάδιο,stade,,
επιπλέον,De plus,,
με ενοίκιο,en location,,
μια λεωφόρος,Une avenue,,
το διάβασμα,la lecture,,
ένα λεωφορείο,bus,,
νοικιάζω,Loue (a moi ou a un proprio)r,,
η τοποθεσία,emplacement,,
νοικιάζεται,(rented/ for rent) être à loué,,
να περάσεις καλά!,Amuse toi bien!,,
Η Στιγμή,l’instant / le moment (spécifique),,
εξαρτάται,ça dépend,,
Ο Χρόνος,le temps (durée,,
ο υγιεινός τρόπος ζωής,mode de vie sain,,
στην αρχή / v,au début / initialement,,
Θυμάμαι,Se souvenir de,,
καλύτερα από,mieux que (adv),,
Η Περίοδος,la période / la phase,,
το χιλιόμετρο,kilomètres,,
Φοβάμαι,Avoir peur de,,
Η Εποχή,l’époque / la saison,,
Λυπάμαι,Etre desole (pour),,
τα γενέθλια,l'anniversaire,,
κατοικώ,Habiter / resider (formel),,
Το δυάρι/τριάρι,F2/F3 (appartement),,
Στρίβω,je tourne (à droite),,
τα λεφτά,fric/thunes,,
η διάβαση,passage piéton,,
Κανένα πρόβλημα,pas de problème,,
Ο όροφος,l'étage,,
επίσης,επιπλέον,,
καλύτερα,mieux,,
το στενό,la rue étroite,,
προχωράω,J'avance,,
το ισόγειο,rez-de-chaussée,,
η γενική,le génitif,,
η κατοικία,la résidence,,
καλώ - κάλεσα,appeler - j'ai appelé,,
Σωστό η λάθος,vrai ou faux,,
Η αγγελία,l'annonce,,
Συνήθως,Généralement / usually,,
είμαι κρυωμένος,j'ai un rhume,,
στο Λονδίνο,à Londres,,
έχω άδικο,j'ai tort,,
δεν είναι συνηθισμένο,ce n'est pas courant,,
το προηγούμενο,le précédent,,
κρυώνω,j'ai froid,,
την επόμενη,la prochaine X,,
μια υποδοχή,une reception,,
προβλέψω,prédire,,
άνετο,confortable,,
το φανάρι,le feu rouge,,
ενας χωρος,un espance,,
έχει πιο πολύ κρύο,il fait plus froid,,
ακόμα και,même,,
το ταχυδρομείο,le bureau de poste,,
έχω δίκιο,j'ai raison,,
η θέρμανση,le chauffage,,
ο Άγγλος,l'Anglais,,
προχωρώ,avancer,,
η πρωτεύουσα,la capitale,,
οτιδήποτe,Peu importe,,
άνετα,Confortablement,,
ο πάγος,La glace,,
παλιό,Ancien/vieux,,
πλυντήριο ρούχων,Lave-linge,,
φούρνος μικροκυμάτων,Micro-ondes,,
η σκέπη,le toit,,
η αγγλική ομάδα ράγκμπι,L’équipe anglaise de rugby,,
δυστυχώς,Malheureusement,,
βαρετό,Ennuyeux,,
Δεν κατάφερα να τα κάνω όλα,Je n’ai pas réussi à tout faire,,
το βρήκα αστείο,J’ai trouvé ça drôle,,
συνηθισμένο,Habituel,,
κάνει κρύο,Il fait froid,,
εντυπωσιακό,Impressionnant,,
περιγράφω,Décrire,,
χιόνισε,Il a neigé,,
η ταράτσα,la terrasse,,
κατά τη διάρκεια του χειμώνα,Pendant l’hiver,,
φούρνος μικροκυμάτων,Micro-ondes,,
η βαλίτσα,la valise,,
ταξιδεύω,voyager,,
το τραίνο,le train,,
οι αποσκευές,les bagages,,
το πλοίο,le navire,,
το καύσιμο,le carburant,,
η βάρκα,le bateau,,
το λεωφορείο,le bus,,
το αυτοκίνητο,la voiture,,
το ταξίδι,le voyage,,
ο επιβάτης,le passager,,
το μετρό,le métro,,
ο τουρίστας,le touriste,,
το διαβατήριο,le passeport,,
ο χάρτης,la carte,,
το αεροπλάνο,l'avion,,
η αναχώρηση,le départ,,
η γέφυρα,le pont,,
η κίνηση,la circulation,,
τα διόδια,le péage,,
η περιπέτεια,l'aventure,,
το κράνος,le casque,,
η στάση,l'arrêt,,
η/ο αεροσυνοδός,l'hôtesse de l'air,,
το πεζοδρόμιο,le trottoir,,
το τιμόνι,le volant,,
οδηγώ,conduire,,
το εκδοτήριο,le guichet,,
το όχημα,le véhicule,,
το αμάξι,la voiture,,
το εισιτήριο,le billet,,
διεθνής,international(e),,
το φανάρι,le feu de circulation,,
σίγουρος,certain,,
μετανίωνω,regretter,,
κλαίω,pleurer,,
μισώ,haïr,,
η τύψεις,le remords,,
ο μίσος,la haine,,
η απογοήτευση,la déception,,
η οργή,la rage,,
ζηλεύω,envier,,
ανασφαλής,insécure,,
αντιπαθώ,ne pas aimer,,
ο άγχος,le stress,,
μου λείπεις,Tu me manques,,
αγχωμένος,stressé,,
συμπαθώ,aimer (les gens),,
η λύπη,la tristesse,,
γελώ,rire,,
η χαρά,la joie,,
φοβισμένος,effrayé,,
θλιμμένος,triste,,
η ενοχή,La culpabilité,,
χαίρομαι,être heureux,,
χαρούμενος,joyeux,,
λυπάμαι,etre désolé,,
ερωτεύομαι,être amoureux,,
πρίν από μια εβδομάδα,il y a une semaine,,
δύο χιλιάδες δέκα,deux mille dix,,
φέτος,cette année,,
πέρσι,l'année dernière,,
περασμένη,passé,,
φτάνω,έφτασα,,
χωρισμένος,séparé,,
απασχολημένος,occupé,,
η ρύπανση,la pollution,,
Περνά μια ώρα,Ça prend une heure,,
Επιστρέφω,retourner,,
η επιστροφή,le retour,,
Μπορούσα,je pouvais,,
το αγαπημένο μου,mon préféré(e),,
από την άλλη,d'un autre côté,,
επισκεφτώ,rendre visite,,
μετακομίζω,déménager,,
ο μήνας / οι μήνες,le mois,,
οργανώσω,organiser,,
αγχώδης,anxieux/anxieuse,,
οχτώ,huit,,
περνάω,passer,,
το μάθημα,la leçon,,
η εξέταση,l'examen,,
Καλώς ήρθατε!,Bienvenue!,,
στις αρχές Δεκεμβρίου,au début de décembre,,
ένα σύντομο ταξίδι,un court voyage,,
έμεινα,je suis resté(e),,
πρωί πρωί,très tôt le matin,,
Πώς περάσεις;,Comment c'était?,,
το κείμενο,le texte,,
καταπληκτικά,très bien/magnifiquement,,
Ξυπνάω / ξύπνησα,se réveiller,,
Αργώ / άργησα,être en retard,,
Διψάω / διψούσα,avoir soif,,
Πεινάω / πείνασα,avoir faim,,
ξεχνώ / ξέχασα,oublier,,
Υποστηρίζω,soutenir,,
Υπόσχομαι,promettre,,
ο θυμός,la colère,,
Εγγράφω,s'enregistrer,,
Πιωμένος,ivre,,
ο προορισμός,la destination,,
Αρρώστησα,je suis tombé malade,,
Τι είδος;,quel genre de?,,
Ευνοούμενος,favori,,
Ήρεμος,calme,,
Το περίπτερο,le kiosk,,
Ανάβω ένα τσιγάρο,allumer une cigarette,,
Όμως,cependant,,
τα ψώνια,les courses,,
Ψωνίσω,faire les courses,,
οι δουλίτσες,les travaux,,
Χιλιάδες,des milliers,,
η Μαδρίτη,Madrid,,
τα ακουστικά,les écouteurs,,
την προηγούμενη εβδομάδα,la semaine dernière,,
ακριβώς,exactement,,
Αναγκασμενος,forcé,,
Το Αντικειμενο,l’objet,,
Εξαφανισμένο,disparu,,
Διψαω / διψασα,j’ai / j’avais soif,,
Πειναω / πεινασα,j’ai / j’avais faim,,
παω βολτα,aller se promener,,
Μαθαίνω / έμαθα,apprendre,,
Ενοχλητικό,chiant,,
αυτο μοιάζει με αυτο,ca ressemble a ca,,
το ρήμα,le verbe,,
Για παράδειγμα,par exemple,,
Μην ανησυχείς,ne t’inquiete pas,,
Παρατηρώ / παρατήρησα,J'observe/ j'ai remarqué,,
μια εφαρμογή,une app,,
O δάσκαλος,le professeur,,
εδώ και τρεις μήνες,depuis trois mois,,
Διαδικτυακά,en ligne,,
Βολικό,pratique,,
μια πρόταση,une phrase,,
Εξασκω,pratiquer,,
Επομένως,donc,,
η Ιαπωνία,le Japon,,
κυρίως,principalement,,
το άθλημα,le sport,,
το σταφύλι,le raisin,,
μετά,après,,
ευτυχώς,heureusement,,
κάνω / έκανα,faire / j'ai fait,,
γυρίζω / γύρισα,rentrer / je suis rentré(e),,
μιλάω / μίλησα,parler / j'ai parlé,,
παίζω / έπαιξα,jouer / j'ai joué,,
πήγα για ύπνο,aller / je suis allé(e) dormir,,
ο ύπνος,le sommeil,,
Τα γυαλια,les lunettes,,
Απασχολημενος,busy / occupé,,
κοστίζει μια περιουσία,ça coûte une fortune,,
μια ταινία,Un film,,
Η εξάσκηση,La pratique,,
Το ποτό,la boisson,,
Η αλήθεια,la vérité,,
Η υγεία,la santé,,
Η ασφάλεια,la sécurité,,
Η συναυλία,le concert,,
Το συγκρότημα,le groupe,,
Ο λόφος,la colline,,
Το μπουφάν,le buffet,,
Το δόντι,la dent,,
κουραστικός,fatigant,,
γεννιέμαι / γεννήθηκα,naître,,
μεγαλώνω / μεγάλωσα,grandir,,
συμμετέχω / συμμετείχα,participer,,
συναντώ / συνάντησα,rencontrer,,
μένω / έμεινα,rester,,
κινδυνεύω / κινδύνεψα,être en danger,,
φιλοξενώ / φιλοξένησα,accueillir,,
ανυπομονώ / ανυπόμονα,être impatient,,
Έχω κίνητρο,je suis motivé,,
Γεννήθηκα,je suis né,,
Πεθαίνω / πέθανα,mourir,,
το Ζαχαροπλαστείο,pâtisserie,,
Η ουρα,la queue,,
Το ατυχημα,accident,,
Στην υγεια σου,A ta santé,,
Καθώς,pendant que,,
κατά τη διάρκεια του πολέμου,pendant la guerre,,
ένα εργοστάσιο,une usine,,
μια νοσοκόμα,une infirmière,,
ένα νοσοκομείο,un hopital,,
έχει ακόμη και δισέγγονα,il a même des arrières petits enfants,,
η επιτυχία,le succès,,
η αποτυχία,l'échec,,
Διαδικτυακά,en ligne,,
Αρρώστησα,je suis tombé malade,,
το αποτέλεσμα,le résultat,,
η επιτυχία,le succès,,
η αποτυχία,l'échec,,
η ευχή,le souhait,,
η ελπίδα,l'espoir,,
η ευγένεια,la courtoisie,,
η φαντασία,l'imagination,,
η επιλογή,le choix,,
η ένωση,l'union,,
η ευκαιρία,l'opportunité,,
η αλλαγή,le changement,,
η απόδειξη,la preuve,,
η δραστηριότητα,l'activité,,
η παραγωγή,la production,,
η διανομή,la distribution,,
η εισαγωγή,l’introduction,,
η κατασκευή,la construction,,
η είσοδος,l'entrée,,
η προστασία,la protection,,
η ξεκούραση,le repos,,
το καθήκον,la responsabilité,,
κατηγορώ,κατηγόρησα,,
το υποκείμενο,le sujet,,
η κατηγορία,l’accusation,,
η θέα,la vue,,
η έννοια,le concept,,
η άγνοια,l'ignorance,,
το ύπαρξη,l'existence,,
η πλευρά,le côté,,
η άκρη,le bord,,
το σκοτάδι,l'obscurité,,
το βραβείο,la récompense,,
το μέλος,le membre,,
η λύση,la solution,,
ο καλλωπισμός,l'embellissement,,
το κούρεμα,la coupe de cheveux,,
το λάθος,l'erreur,,
τα νέα,les nouvelles,,
ο τρόπος,la manière,,
η γη,la terre,,
η θάλασσα,la mer,,
το φεγγάρι,la lune,,
η φωτιά,le feu,,
ο κόσμος,le monde,,
το δέντρο,l'arbre,,
το ποτάμι,la rivière,,
το λουλούδι,la fleur,,
ο καρπός,le fruit,,
το φύλλο,la feuille,,
η τροφή,la nourriture,,
η βροχή,la pluie,,
το χιόνι,la neige,,
το φως,la lumière,,
το σκοτάδι,l'obscurité,,
η ζέστη,la chaleur,,
το κρύο,le froid,,
η φωνή,la voix,,
η σκέψη,la pensée,,
η γλώσσα,la langue,,
ο τόπος,le lieu,,
ο τρόπος,la manière,,
το σώμα,le corps,,
η ψυχή,l'âme,,
η καρδιά,le cœur,,
το μυαλό,l'esprit,,
βαρετός,ennuyeux,,
το δημοτικό,l'école primaire,,
η σχολή,la faculté,,
το νηπιαγωγείο,la maternelle,,
το λύκειο,le lycée,,
το γυμνάσιο,le collège,,
η τάξη,la classe,,
εξετάζω,examiner,,
το έγγραφο,le document,,
το πτυχίο,le diplôme,,
ο βαθμός,la note,,
η εξέταση,l'examen,,
επιτυχών,réussi,,
ελέγχω,vérifier,,
το διδακτορικό,le doctorat,,
ο στόχος,l'objectif,,
το μεταπτυχιακό,le master,,
η διδασκαλία,l'enseignement,,
η ιστορία,l'histoire,,
το εξάμηνο,le semestre,,
ο δάσκαλος,l'instituteur,,
λύνω,résoudre,,
η σημασία,l'importance,,
η σελίδα,la page,,
η διάλεξη,la conférence,,
το πανεπιστήμιο,l'université,,
η άσκηση,l'exercice,,
η παρουσίαση,la présentation,,
ο καθηγητής,le professeur,,
η λέξη,le mot,,
η πρόταση,la proposition,,
το κεφάλαιο,le chapitre,,
η γνώση,la connaissance,,
ο κανόνας,la règle,,
το μάθημα,la leçon,,
το διαγώνισμα,le contrôle,,
ο λόγος,la raison,,
σπουδάζω,étudier,,
η εκπαίδευση,l'éducation,,
το πρόγραμμα,le programme,,
μαθαίνω,apprendre,,
οι σπουδές,les études,,
ύποπτος,suspect,,
πολυτελής,luxueux,,
συναρπαστικός,passionnant,,
ελκυστικός,attrayant,,
σύντομος,court,,
πονηρός,rusé,,
σπάνιος,rare,,
επιθετικός,agressif,,
σπουδαίος,excellent,,
περίπλοκος,complexe,,
ρομαντικός,romantique,,
εξυπηρετικός,serviable,,
συνηθισμένος,habituel,,
χαλαρός,détendu,,
κορυφαίος,premier,,
σκληρός,dur,,
χαμηλός,bas,,
δραστήριος,actif,,
καινούριος,nouveau,,
άνετος,confortable,,
ασφαλής,sûr,,
τυχερός,chanceux,,
ευαίσθητος,sensible,,
κομψός,élégant,,
καθημερινός,quotidien,,
πικρός,amer,,
φανταστικός,fantastique,,
τρομακτικός,effrayant,,
ντροπαλός,timide,,
αλμυρός,salé,,
περίεργος,curieux,,
υγιεινός,sain,,
υγιής,en bonne santé,,
υπερβολικός,excessif,,
υποχρεωτικός,obligatoire,,
ανυπόμονος,impatient,,
στενός,étroit,,
ισχυρός,puissant,,
υπομονετικός,patient,,
καταπληκτικός,formidable,,
αυστηρός,sévère,,
άδικος,injuste,,
κατάλληλος,approprié,,
διασκεδαστικός,amusant,,
απίστευτος,incroyable,,
δίκαιος,juste,,
ο στίβος,l'athlétisme,,
ο μυς,le muscle,,
μυώδης,musclé,,
το ιδεώδες,l'idéal,,
ο αθλητισμός,le sport,,
ο γυμναστής,le moniteur de fitness,,
η γυμναστική,la gymnastique,,
το άθλημα,le sport,,
ο αθλητής,l'athlète,,
ο εξοπλισμός,l'équipement,,
το ρεκόρ,le record,,
η πάλη,la lutte,,
ο πρωταθλητής,le champion,,
η πυγμαχία,la boxe,,
το βήμα,le pas,,
ο αγώνας,le match,,
ο αρχηγός,le capitaine,,
το πρωτάθλημα,le championnat,,
το γήπεδο,le terrain,,
το βόλεϊ,le volleyball,,
το μπάσκετ,le basketball,,
η μπάλα,le ballon,,
η πετοσφαίριση,le volleyball,,
η καλαθοσφαίριση,le basketball,,
ο πόντος,le point,,
το δίχτυ,le filet,,
το ποδόσφαιρο,le football,,
ο ποδοσφαιριστής,le footballeur,,
ο προπονητής,l'entraîneur,,
εναντίον,contre,,
η ομάδα,l'équipe,,
ο αντίπαλος,l'adversaire,,
ο φίλαθλος,le supporter,,
σκοράρω,marquer,,
η επίθεση,l'attaque,,
το τέρμα,le but,,
κλωτσώ,donner un coup de pied,,
ο αμυντικός,le défenseur,,
ο τερματοφύλακας,le gardien de but,,
ο παίκτης,le joueur,,
σηκωνόμουν,je me levais,,
η μεγάλη περιοχή,la surface de réparation,,
η μικρή περιοχή,la surface de but,,
ο διαιτητής,l'arbitre,,
ο εκφωνητής,le commentateur,,
η άμυνα,la défense,,
ο αθλητικογράφος,le journaliste sportif,,
συγκεντρώνομαι σε κάτι,se concentrer sur quelque chose,,
Άσε με να συγκεντρωθώ,laisse moi me concentrer,,
O Μέλλοντας,le futur (grammair),,
H ειδική περίσταση,l'occasion spéciale,,
πολύ ευχαρίστως,très agréable,,
πολύ ευχάριστες στιγμές,des moments très agréables,,
ο υπάλληλος,l'employé,,
Τι σχεδια εχετε,Qu'est ce que tu as de prévu,,
Αργω,αργησα,,
Δραστηριος,actif,,
Αρρωστος,malade,,
Η Συνταξη,la retraite,,
το ορεκτικο,l'entrée (le plat),,
το κολοκυθι,la courgette,,
η αργία,le jour férié,,
η θπησκεία,la religion,,
ο μουσικός,le musicien,,
η φωνή,la voix,,
η νότα,la note,,
το βιολί,le violon,,
η τέχνη,l'art,,
ο πολιτισμός,la culture,,
η μουσική,la musique,,
το φλάουτο,la flûte,,
η μούσα,la muse,,
η πρόβα,la répétition,,
η συναυλία,le concert,,
η ορχήστρα,l'orchestre,,
το όργανο,l'instrument,,
το πιάνο,le piano,,
ο τραγουδιστής,le chanteur,,
ο ήχος,le son,,
το τραγούδι,la chanson,,
ο φωτογράφος,le photographe,,
ο σκηνοθέτης,le réalisateur,,
το έργο,l'œuvre,,
η παράσταση,la représentation,,
ο χορός,la danse,,
η υποκριτική,le jeu d'acteur,,
η χορογραφία,la chorégraphie,,
η κιθάρα,la guitare,,
η λύρα,la lyre,,
το άγαλμα,la statue,,
ο πίνακας,le tableau,,
η γλυπτική,la sculpture,,
η έκθεση,l'exposition,,
η ζωγραφική,la peinture,,
η παρτιτούρα,la partition,,
παρακολουθώ,regarder,,
η ταινία,le film,,
η φωτογραφία,la photographie,,
η εικόνα,l'image,,
το πινέλο,le pinceau,,
ο ποιητής,le poète,,
ζωγραφίζω,peindre,,
η ποίηση,la poésie,,
ο ζωγράφος,le peintre,,
η συλλογή,la collection,,
ο γλύπτης,le sculpteur,,
η σκηνή,la scène,,
η τραγωδία,la tragédie,,
ταλαντούχος,talentueux,,
η λογοτεχνία,la littérature,,
η κωμωδία,la comédie,,
άταλαντος,sans talent,,
ο πρωταγωνιστής,le protagoniste,,
ασφαλής,sûr(e),,
ανυπομονώ / ανυπομόνησα,avoir hâte,,
αποχαιρετώ / αποχαιρέτησα,dire au revoir,,
προσαρμόζω / προσάρμοσα,s'adapter,,
Συνηθίζω / συνηθισα,s’habituer,,
λαμβάνω / έλαβα,recevoir / j'ai reçu,,
διαλέγω / διάλεξα,choisir / j'ai choisi,,
ανανεώνω / ανανέωσα,renouveler,,
το φυλλάδιο,la brochure,,
το μονόκλινο,la chambre simple,,
η μετακίνηση,le déplacement,,
ο ξεναγός,le guide touristique,,
η ημιδιατροφή,la demi-pension,,
Ζηταω αδεια / ζήτησα,demander la permission,,
το στρώμα,le matelas,,
τα υπόλοιπα,le reste,,
προσαρμόζω / προσάρμοσα,s'adapter,,
αποχαιρετώ / αποχαιρέτησα,dire au revoir,,
ασφαλής,sûr,,
η μόλυνση,la pollution,,
επισκέπτομαι / επισκέφθηκα,visiter,,
η αρχιτεκτονική,l'architecture,,
ιδιαίτερος,particulier,,
τουλάχιστον,au moins,,
η άνοιξη,le printemps,,
το αεροπορικό εισιτήριο,le billet d'avion,,
το ακτοπλοϊκό εισιτήριο,le billet de ferry,,
η ξενάγηση,la visite guidée,,
διασκεδάζω / διασκέδασα,s'amuser,,
η διασκέδαση,le divertissement,,
κτλ,etc,,
εξηγώ / εξήγησα,expliquer,,
ο μισθός,le salaire,,
η εμπειρία,l'expérience (professionnelle),,
το ρεπό,le jour de congé,,
η αργία,le jour férié,,
τα άδεια,les vacances,,
ο υπάλληλος,l'employé,,
η υπερωρία,les heures supplémentaires,,
η σύνταξη,la retraite,,
οι κρατήσεις,les impôts,,
η αύξηση,l'augmentation,,
η ανεργία,le chômage,,
η απεργία,la grève,,
συμμετέχω / συμμετείχα,participer,,
υπήρχε,Il y avait,,
κάνω προπόνηση,s'entraîner,,
κυρίως,principalement,,
το τρέξιμο,la course,,
πρόσφατα,récemment,,
λιγότεροι άνθρωποι,moins de gens,,
Το μέρος,τα μέρη,,
οτιδήποτε,n'importe quoi,,
το βιογραφικό σημείωμα,le CV,,
αποτυγχάνω / απέτυχα,échouer,,
συνεχίζω / συνέχισα,continuer,,
πιθανό,probable,,
αυθόρμητος,spontané,,
Ο αναλυτής,l'analyste,,
μόνιμος,permanent,,
γλυκανάλατος,cheesy,,
Το συγκρότημα,Le groupe de musique,,
κυρίως,principalement,,
To ρεύμα,le courant,,
Αποκλείω / απέκλεισα,exclure,,
αγχωτικός,stressant,,
τον υπόλοιπο χρόνο,le reste du temps,,
Εδω και,depuis,,
Σύντομα,bientôt,,
Η πιστωτική κάρτα,la carte de crédit,,
Τα χρήματα,l'argent,,
Η λεπτομέρεια,le détail,,
Το δάνειο,le pret,,
Εικονικός,virtuel,,
Αυξάνω / Αύξησα,augmenter,,
Μειώνω / Μείωσα,diminuer,,
Εκατό τοις εκατό,cent pour cent,,
Είκοσι τοις εκατό,vingt pour cent,,
Η σύνδεση στο διαδίκτυο,la connexion internet,,
εξάσκηση,l'exercice,,
Τα μεσάνυχτα,minuit,,
έγκυος,enceinte,,
εξερευνώ / εξερεύνησα,explorer,,
Η περιοχή,la région,,
Η πεζοπορία,la randonnée,,
ενάμιση,un et demi,,
Η εβδομάδα,la semaine,,
Η αργία,le jour férié,,
πακετάρω / πακετάρισα,emballer,,
Το διαμέρισμα,l'appartement,,
Ο κάτοικος,le résident,,
πρήζομαι / πρήστηκα,Je suis enflé,,
Η αντιβίωση,l'antibiotique,,
μολύνομαι / μολύνθηκα,s'infecter,,
Το μέλι,le miel,,
ξύνω / έξυσα,gratter,,
χαλαρός,détendu,,
έντονος,intense,,
η γειτονιά,le quartier,,
σπάω / έσπασα,casser,,
Αρκεί,Tant que,,
Η ταχύτητα,la vitesse,,
η εκδρομή,l'excursion,,
επιπλέον,supplémentaire,,
αγγλικό,anglais (adj),,